"Survived","Age","SibSp","Fare","Cabin","Alone","NameSize","NameCount","Pclass_1","Pclass_2","Sex_female","Embarked_C","Embarked_Q","Title_Miss","Title_Mrs","Title_Other","predict_LR","predict_RF"
"0",40,0,14.5,"0","1",31,5,0,0,0,0,0,0,0,0,0.0297023036053561,0.01
"0",32,0,13.5,"0","1",25,4,0,1,0,0,0,0,0,0,0.100357549818413,0.01
"1",31,0,7.925,"0","1",18,3,0,0,0,0,0,0,0,0,0.0475517854300982,0.17
"0",11,1,14.5,"0","0",33,5,0,0,0,0,0,0,0,1,0.569028273287757,0.23
"1",19,0,10.5,"0","1",25,4,0,1,0,0,0,0,0,0,0.184418927928191,0.125
"0",23,0,7.8958,"0","1",18,3,0,0,0,0,0,0,0,0,0.0715974605384419,0
"1",17,2.5,7.925,"0","0",31,4,0,0,1,0,0,1,0,0,0.167412734122843,0.385
"0",28,0,7.75,"0","1",19,3,0,0,0,0,1,0,0,0,0.0555057789978825,0
"0",28,0,8.05,"0","1",19,3,0,0,0,0,0,0,0,0,0.0555057789978825,0
"1",28,1,51.8625,"1","0",33,5,1,0,1,0,0,0,1,0,0.969438523129988,1
"0",28,0,8.05,"0","1",33,5,0,0,0,0,0,0,0,0,0.0555057789978825,0.01
"0",40,0,7.75,"0","1",18,3,0,0,0,0,1,0,0,0,0.0297023036053561,0
"0",50,1,14.5,"0","0",23,4,0,0,0,0,0,0,0,0,0.01360010453525,0.01
"1",11,1,65.6344,"1","0",35,5,1,0,0,0,0,0,0,1,0.950278920577505,0.72
"0",54.5,0,61.9792,"1","1",30,4,1,0,0,1,0,0,0,0,0.167697583380737,0.105
"1",36,0,65.6344,"1","1",34,5,1,0,0,1,0,0,0,0,0.355137038605391,0.635
"1",28,0,13,"0","1",28,4,0,1,0,0,0,0,0,0,0.121761626453442,0.105
"1",28,0,7.7375,"0","1",24,3,0,0,1,0,1,1,0,0,0.738585700238359,0.93
"1",52,1,65.6344,"1","0",47,6,1,0,1,1,0,0,1,0,0.895906356304715,1
"0",20,0,9.225,"0","1",27,4,0,0,0,0,0,0,0,0,0.0832221360690701,0.025
"1",2.5,1,18.75,"0","0",31,4,0,1,0,0,0,0,0,1,0.831764353733883,0.9
"0",23,0,13,"0","1",28,4,0,1,0,0,0,0,0,0,0.153931037606136,0.01
"0",44,2,65.6344,"1","0",27,4,1,0,0,0,1,0,0,1,0.302746625200289,0.105
"0",27,0,7.75,"0","1",20,3,0,0,0,0,1,0,0,0,0.0584249462172016,0.005
"1",22,0,7.725,"0","1",28,4,0,0,1,0,1,1,0,0,0.796528762704614,0.945
"0",27,0,7.2292,"0","1",17,3,0,0,0,1,0,0,0,0,0.0584249462172016,0
"0",28,0,7.8958,"0","1",20,3,0,0,0,0,0,0,0,0,0.0555057789978825,0
"0",28,0,7.8958,"0","1",22,3,0,0,0,0,0,0,0,0,0.0555057789978825,0.005
"1",42,1,26,"0","0",51,7,0,1,1,0,0,0,1,0,0.707221781321392,0.9
"0",31,0,50.4958,"1","1",36,5,1,0,0,0,0,0,0,0,0.41951188537038,0.35
"0",27,0,25.7417,"0","1",25,4,1,0,0,1,0,0,0,0,0.24965358280878,0.025
"0",28,0,47.1,"0","1",23,4,1,0,0,0,0,0,0,0,0.239611244773225,0.05
"0",26,0,7.225,"0","1",25,3,0,0,0,1,0,0,0,0,0.0614876439961697,0.03
"0",28,0,42.4,"0","1",25,4,1,0,0,0,0,0,0,0,0.239611244773225,0.045
"1",48,0,26.55,"1","1",19,3,1,0,0,0,0,0,0,0,0.222916596930618,0.34
"1",35,1,57.75,"1","0",31,5,1,0,1,1,0,0,1,0,0.955913655279051,0.985
"1",16,0,7.65,"0","1",27,4,0,0,1,0,0,1,0,0,0.844335454776523,0.91
"0",36,0,7.25,"0","1",19,3,0,0,0,0,0,0,0,0,0.0366510712553597,0
"0",30,0,13,"0","1",30,4,0,1,0,0,0,0,0,0,0.110607037292696,0
"0",20,0,13.8625,"1","1",44,6,0,1,0,1,0,0,0,0,0.366339302734066,0.14
"0",22,0,10.5,"0","1",25,4,0,1,0,0,0,0,0,0,0.161143436389579,0.03
"1",35,1,53.1,"1","0",44,7,1,0,1,0,0,0,1,0,0.955913655279051,1
"0",27,0,8.05,"0","1",31,4,0,0,0,0,0,0,0,0,0.0584249462172016,0
"0",32,0,13,"0","1",26,5,0,1,0,0,0,0,0,0,0.100357549818413,0.005
"0",51,0,12.525,"0","1",26,4,0,1,0,0,0,0,0,1,0.313509456033785,0.05
"0",24,0,65.6344,"1","1",18,3,1,0,0,1,0,0,0,0,0.513916855379992,0.2
"1",29,0,7.925,"0","1",30,4,0,0,1,0,0,1,0,0,0.727956499813601,0.66
"0",24,2,31.5,"0","0",29,4,0,1,0,0,0,0,0,0,0.017924040795348,0.015
"1",27,0,8.6625,"0","1",17,3,0,0,0,0,0,0,0,0,0.0584249462172016,0.065
"0",45,0,6.975,"0","1",18,3,0,0,0,0,0,0,0,0,0.0227954521169805,0.015
"1",3.875,1,23,"0","0",27,4,0,1,0,0,0,0,0,1,0.821046014714753,0.86
"0",46,0,26,"0","1",26,4,1,0,0,0,0,0,0,0,0.105917660427349,0.02
"0",31,1,26.25,"0","0",19,3,0,1,0,0,0,0,0,0,0.0837080741100858,0.05
"0",27,0,65.6344,"1","1",25,4,1,0,0,1,0,0,0,0,0.473182716707506,0.25
"0",20,0,8.05,"0","1",30,4,0,0,0,0,0,0,0,0,0.0832221360690701,0.035
"0",34,1,21,"0","0",18,3,0,1,0,0,0,0,0,0,0.0720208538720135,0
"0",26,1,26,"0","0",37,5,0,1,1,0,0,0,1,0,0.852148210119341,0.61
"1",30,0,65.6344,"0","1",19,3,1,0,1,1,0,1,0,0,0.931456339059079,0.945
"1",25,1,55.4417,"1","0",27,4,1,0,0,1,0,0,0,0,0.437143715535345,0.545
"0",25,1,41.5792,"0","0",38,5,0,1,0,1,0,0,0,0,0.112356671722944,0.04
"0",17,0,7.8958,"0","1",15,3,0,0,0,0,0,0,0,0,0.0965379547702998,0.01
"0",24,0,13.5,"0","1",16,3,0,1,0,0,0,0,0,0,0.146984885801264,0.01
"0",29,0,7.8542,"0","1",19,3,0,0,0,0,0,0,0,0,0.0527242989656595,0.01
"0",28,0,15.2458,"0","1",29,4,0,0,1,1,0,0,1,0,0.738585700238359,0.6
"1",15,0,7.225,"0","1",32,5,0,0,1,1,0,1,0,0,0.851346087227317,0.925
"1",24,1,65,"0","0",18,3,0,1,1,0,0,1,0,0,0.865326407057703,0.935
"1",28,1,65.6344,"1","0",46,6,1,0,1,1,0,0,1,0,0.969438523129988,1
"0",7,2.5,39.6875,"0","0",26,4,0,0,0,0,0,0,0,1,0.0764784386351903,0.02
"1",18,0,7.2292,"0","1",41,6,0,0,1,1,0,0,1,0,0.829507929948284,0.895
"0",25,0,10.5,"0","1",24,4,0,1,0,0,0,0,0,0,0.14030020227726,0.005
"1",30,1,26,"0","0",22,3,0,1,0,0,0,0,0,1,0.525857434507546,0.53
"1",37,1,52.5542,"1","0",29,4,1,0,0,0,0,0,0,0,0.288028548106981,0.43
"0",29,0,8.05,"0","1",20,3,0,0,0,0,0,0,0,0,0.0527242989656595,0.005
"1",15,0,8.0292,"0","1",27,4,0,0,1,0,1,1,0,0,0.851346087227317,0.935
"0",42,0,13,"0","1",20,3,0,1,0,0,0,0,0,0,0.0608381170492552,0.105
"0",28,0,7.8958,"0","1",19,3,0,0,0,1,0,0,0,0,0.0555057789978825,0
"0",16,2,18,"0","0",31,5,0,0,0,0,0,0,0,0,0.0118088743606326,0.03
"1",30,0,12.475,"0","1",24,3,0,0,1,0,0,1,0,0,0.717060675611304,0.835
"1",50,0,10.5,"0","1",19,3,0,1,1,0,0,1,0,0,0.668456238610367,0.94
"0",38,0,7.05,"0","1",31,4,0,0,0,0,0,0,0,0,0.0330004869854947,0.015
"0",19,0,7.8958,"0","1",20,3,0,0,0,0,0,0,0,0,0.0874639801633759,0.005
"1",28,0,65.6344,"0","1",30,4,1,0,1,1,0,0,1,0,0.938079363051389,0.925
"0",2.5,2.5,21.075,"0","0",30,4,0,0,0,0,0,0,0,1,0.0956427709167428,0.245
"1",24,2.5,65.6344,"1","0",30,4,1,0,1,0,0,1,0,0,0.665500464411336,0.875
"0",25,0,26,"0","1",19,3,1,0,0,1,0,0,0,0,0.27056496934528,0.02
"0",22,0,10.5167,"0","1",28,4,0,0,1,0,0,1,0,0,0.796528762704614,0.505
"0",17,1,7.2292,"0","0",20,4,0,0,0,1,0,0,0,0,0.0765345825490425,0.11
"0",21,0,8.4333,"0","1",30,4,0,0,0,0,0,0,0,0,0.0791681660673568,0.005
"1",27,1,15.5,"0","0",18,3,0,0,1,0,1,1,0,0,0.698231209611209,0.81
"1",24,2,27,"0","0",51,7,0,1,1,0,0,0,1,0,0.467363289807469,0.96
"0",20,0,7.8542,"0","1",22,4,0,0,0,0,0,0,0,0,0.0832221360690701,0.005
"1",22,1,29,"0","0",51,7,0,1,1,0,0,0,1,0,0.877498870039908,0.975
"1",33,1,20.575,"0","0",40,6,0,0,1,0,0,0,1,0,0.625458229886422,0.875
"0",45,1,27.9,"0","0",47,6,0,0,1,0,0,0,1,0,0.465197697549339,0.325
"1",36,1,26,"0","0",52,8,0,1,1,0,0,0,1,0,0.769951411248023,0.875
"0",21,0,65.6344,"0","1",20,4,0,1,0,0,0,0,0,0,0.168626417838218,0.05
"0",28,1,65.6344,"0","0",23,4,1,0,0,1,0,0,0,0,0.196406851897712,0.05
"0",34,0,7.8292,"0","1",16,3,0,0,0,0,1,0,0,0,0.0406884987367973,0
"0",27,0,7.75,"0","1",21,3,0,0,0,0,1,0,0,0,0.0584249462172016,0.01
"1",26,0,18.7875,"0","1",27,4,0,0,0,1,0,0,0,0,0.0614876439961697,0.295
"0",21,0,7.925,"0","1",25,4,0,0,0,0,0,0,0,0,0.0791681660673568,0.02
"0",2.5,1,65.6344,"1","0",28,4,1,0,1,0,0,1,0,0,0.992177792781931,0.475
"0",27,0,8.6625,"0","1",16,3,0,0,0,0,0,0,0,0,0.0584249462172016,0.01
"1",24,0,7.1417,"0","1",25,4,0,0,0,0,0,0,0,0,0.0680677156092109,0.205
"0",18,0,7.775,"0","1",30,4,0,0,0,0,0,0,0,0,0.0919003584239345,0.045
"0",40,1,26,"0","0",21,3,0,1,0,0,0,0,0,0,0.0530424618387019,0.005
"0",25,0,7.925,"0","1",31,4,0,0,0,0,0,0,0,0,0.0646998595436445,0.02
"0",39,1,31.275,"0","0",27,4,0,0,0,0,0,0,0,0,0.0244559972291395,0.01
"1",28,0,35.5,"1","1",28,4,1,0,0,0,0,0,0,0,0.459657017145278,0.555
"0",41,0,7.85,"0","1",21,3,0,0,0,0,0,0,0,0,0.0281753022866407,0.005
"0",48,0,50.4958,"1","1",18,3,1,0,0,1,0,0,0,0,0.222916596930618,0.14
"1",18,0,7.8792,"0","1",23,4,0,0,1,0,1,1,0,0,0.829507929948284,0.98
"0",25,0,10.5,"0","1",25,4,0,1,0,0,0,0,0,0,0.14030020227726,0.005
"0",27,1,23.45,"0","0",41,5,0,0,0,0,0,0,0,1,0.356237193927855,0.16
"1",30,0,65.6344,"1","1",20,3,1,0,1,0,0,1,0,0,0.97346421640833,0.99
"1",18,0,8.05,"0","1",26,4,0,0,1,0,0,1,0,0,0.829507929948284,0.875
"0",45,0,29.7,"1","1",24,4,1,0,0,1,0,0,0,0,0.252429613142642,0.06
"1",33,1,65.6344,"1","0",22,4,1,0,1,0,1,1,0,0,0.960274281274213,0.955
"0",28,2.5,65.6344,"0","0",33,5,0,0,1,0,0,1,0,0,0.0995763770843921,0.1
"0",28,0,7.8958,"0","1",21,3,0,0,0,0,0,0,0,0,0.0555057789978825,0
"0",16,0,10.5,"0","1",24,4,0,1,0,0,0,0,0,0,0.210213843602018,0.05
"1",28,0,7.8792,"0","1",29,4,0,0,1,0,1,1,0,0,0.738585700238359,0.97
"1",48,1,65.6344,"1","0",25,4,1,0,0,1,0,0,0,0,0.182001915162801,0.3
"0",20,0,9.5,"0","1",15,3,0,0,0,0,0,0,0,0,0.0832221360690701,0.005
"1",26,0,13.775,"0","1",35,5,0,0,1,0,0,0,1,0,0.759023493840987,0.895
"1",40,0,15.75,"0","1",50,7,0,1,1,0,0,0,1,0,0.776385288119559,0.91
"1",52,1,65.6344,"1","0",50,7,1,0,1,0,0,0,1,0,0.895906356304715,0.995
"1",28,0,7.75,"0","1",28,4,0,0,0,0,1,0,0,0,0.0555057789978825,0.285
"1",28,2,23.25,"0","0",18,3,0,0,1,0,1,1,0,0,0.230330202835526,0.645
"0",26,0,7.775,"0","1",26,4,0,0,0,0,0,0,0,0,0.0614876439961697,0.005
"0",5,2.5,31.3875,"0","0",27,4,0,0,0,0,0,0,0,1,0.0845182730386827,0.04
"1",27,0,8.05,"0","1",27,4,0,0,1,0,0,1,0,0,0.748942828492754,0.745
"0",23,0,10.5,"0","1",30,4,0,1,0,0,0,0,0,0,0.153931037606136,0
"1",40,1,39,"0","0",61,8,0,1,1,0,0,0,1,0,0.729212651190055,0.83
"0",49,0,0,"0","1",19,3,0,0,0,0,0,0,0,0,0.0184233677071587,0.01
"0",10,2.5,46.9,"0","0",27,4,0,0,1,0,0,1,0,0,0.227300632555395,0.065
"0",9,1,15.2458,"0","0",23,3,0,0,1,1,0,1,0,0,0.860231373921336,0.37
"1",3.875,0,14.4,"0","1",39,5,0,0,0,0,0,0,0,1,0.714885924640599,0.75
"0",54.5,0,26.55,"1","1",25,4,1,0,0,0,0,0,0,0,0.167697583380737,0.06
"1",32,0,56.4958,"0","1",13,3,0,0,0,0,0,0,0,0,0.0451498385358038,0.66
"0",25,1,7.925,"0","0",29,4,0,0,1,0,0,1,0,0,0.720630614503365,0.395
"0",27,0,7.8958,"0","1",20,3,0,0,0,0,0,0,0,0,0.0584249462172016,0
"0",27,0,7.225,"0","1",19,3,0,0,0,1,0,0,0,0,0.0584249462172016,0
"0",51,0,7.0542,"0","1",27,4,0,0,0,0,0,0,0,0,0.0165571272190098,0.025
"1",22,1,65.6344,"1","0",33,5,1,0,1,0,0,0,1,0,0.977753757084778,0.995
"1",44,0,57.9792,"1","1",47,7,1,0,1,1,0,0,1,0,0.944874951313942,1
"1",45,1,52.5542,"1","0",48,7,1,0,1,0,0,0,1,0,0.926423395067832,0.995
"0",54.5,1,39,"0","0",33,5,0,1,0,0,0,0,0,0,0.0248373501770981,0.03
"0",28,0,8.1375,"0","1",19,3,0,0,1,0,1,1,0,0,0.738585700238359,0.485
"0",50,0,13,"0","1",23,4,0,1,0,0,0,0,0,0,0.0402492616687396,0
"0",28,0,22.525,"0","1",25,4,0,0,0,0,0,0,0,0,0.0555057789978825,0.015
"0",27,1,22.3583,"0","0",24,4,0,0,0,1,0,0,0,1,0.356237193927855,0.225
"1",18,1,60,"1","0",46,7,1,0,1,0,0,0,1,0,0.982022443040936,0.99
"1",19,0,8.05,"0","1",26,4,0,0,0,0,0,0,0,0,0.0874639801633759,0.11
"0",54.5,0,26.55,"1","1",25,4,1,0,0,0,0,0,0,0,0.167697583380737,0.06
"1",2.5,0,8.5167,"0","1",31,4,0,0,0,1,0,0,0,1,0.729870705693776,0.74
"1",40,0,13,"0","1",25,4,0,1,1,0,0,1,0,0,0.776385288119559,0.965
"0",27,0,8.05,"0","1",17,3,0,0,0,0,0,0,0,0,0.0584249462172016,0.01
"0",21,0,7.7333,"0","1",19,3,0,0,0,0,1,0,0,0,0.0791681660673568,0
"1",32,0,13,"0","1",19,3,0,1,1,0,0,0,1,0,0.842842942965537,0.98
"1",39,1,65.6344,"1","0",52,7,1,0,1,1,0,0,1,0,0.945787797182044,0.99
"0",30,0,13,"0","1",25,4,0,1,0,0,0,0,0,0,0.110607037292696,0
"0",33,0,7.8958,"0","1",20,3,0,0,0,1,0,0,0,0,0.0428637591402908,0.005
"0",28,1,19.9667,"0","0",31,5,0,0,0,0,0,0,0,0,0.0435943234717235,0.01
"1",50,0,26,"0","1",27,4,0,1,1,0,0,0,1,0,0.668456238610367,0.94
"0",15,1,7.2292,"0","0",18,3,0,0,0,1,0,0,0,0,0.084579778566733,0.07
"0",47,0,10.5,"0","1",20,3,0,1,0,0,0,0,0,0,0.0470420915612587,0.02
"0",28,0,22.525,"0","1",24,4,0,0,0,0,0,0,0,0,0.0555057789978825,0.015
"1",24,1,65,"0","0",19,3,0,1,1,0,0,1,0,0,0.865326407057703,0.93
"1",28,0,56.4958,"0","1",15,3,0,0,0,0,0,0,0,0,0.0555057789978825,0.58
"0",34,0,13,"0","1",28,4,0,1,0,0,0,0,0,0,0.0909607027814961,0.005
"1",30,0,6.95,"0","1",38,5,0,0,1,0,1,1,0,0,0.717060675611304,0.865
"0",2.5,0,10.4625,"1","1",26,4,0,0,1,0,0,1,0,0,0.96825247013811,0.475
"0",27,0,8.05,"0","1",18,3,0,0,0,0,0,0,0,0,0.0584249462172016,0
"0",17,0,8.6625,"0","1",19,3,0,0,0,0,0,0,0,0,0.0965379547702998,0.02
"0",27,2,21.6792,"0","0",17,3,0,0,0,1,0,0,0,0,0.00652940019400415,0.01
"1",30,0,13,"0","1",21,3,0,1,1,0,0,1,0,0,0.856711066909282,0.985
"0",30,0,13,"0","1",26,4,0,1,0,0,0,0,0,0,0.110607037292696,0
"0",32,0,9.5,"0","1",19,3,0,0,0,0,0,0,0,0,0.0451498385358038,0.04
"0",28,0,8.05,"0","1",19,3,0,0,0,0,0,0,0,0,0.0555057789978825,0
"0",28,0,8.05,"0","1",39,6,0,0,1,0,0,0,1,0,0.738585700238359,0.51
"0",47,0,25.5875,"1","1",26,4,1,0,0,0,0,0,0,0,0.232473161590929,0.03
"0",30,0,10.5,"0","1",18,3,0,1,0,0,0,0,0,0,0.110607037292696,0.015
"0",33,0,9.5,"0","1",32,5,0,0,0,0,0,0,0,0,0.0428637591402908,0.005
"1",4,1,16.7,"1","0",31,4,0,0,1,0,0,1,0,0,0.956146565051033,0.92
"0",21,0,7.25,"0","1",19,3,0,0,0,0,0,0,0,0,0.0791681660673568,0
"1",34,0,23,"0","1",36,7,0,1,1,0,0,0,1,0,0.827902229050192,0.975
"0",28,1,23.45,"0","0",22,4,0,0,0,0,0,0,0,0,0.0435943234717235,0
"0",28,0,8.6625,"0","1",19,3,0,0,0,0,0,0,0,0,0.0555057789978825,0.005
"0",48,1,34.375,"0","0",39,6,0,0,1,0,0,0,1,0,0.424949224242102,0.215
"0",50,0,28.7125,"1","1",26,4,1,0,1,1,0,1,0,0,0.92521026811492,0.49
"0",38,0,7.25,"0","1",28,4,0,0,0,0,0,0,0,0,0.0330004869854947,0
"1",28,0,7.75,"0","1",24,4,0,0,1,0,1,1,0,0,0.738585700238359,0.97
"0",47,0,34.0208,"1","1",28,4,1,0,0,0,0,0,0,0,0.232473161590929,0.145
"0",28,0,7.25,"0","1",23,4,0,0,0,0,0,0,0,0,0.0555057789978825,0.025
"1",54.5,0,26.55,"1","1",24,3,1,0,1,0,0,1,0,0,0.906426223858123,0.9
"1",33,1,53.1,"1","0",46,6,1,0,1,0,0,0,1,0,0.960274281274213,1
"0",28,1,23.45,"0","0",40,5,0,0,1,0,0,1,0,0,0.686657297253013,0.35
"0",28,0,7.775,"0","1",26,4,0,0,0,0,0,0,0,0,0.0555057789978825,0
"1",13,0,19.5,"0","1",33,4,0,1,1,0,0,1,0,0,0.937743302854281,0.95
"0",42,0,7.65,"1","1",40,6,0,0,0,0,0,0,0,0,0.0690103002668772,0.11
"1",22,0,7.75,"0","1",20,3,0,0,1,0,1,1,0,0,0.796528762704614,0.87
"0",18,0,7.2292,"0","1",48,5,0,0,0,1,0,0,0,0,0.0919003584239345,0.28
"1",4,2,39,"1","0",27,4,0,1,1,0,0,1,0,0,0.875379272760702,0.965
"0",28,1,16.1,"0","0",26,3,0,0,0,0,0,0,0,0,0.0435943234717235,0.005
"0",26,1,20.575,"0","0",23,4,0,0,0,0,0,0,0,0,0.0483582149085963,0.02
"0",41,1,51.8625,"1","0",23,4,1,0,0,0,0,0,0,0,0.245569434075098,0.2
"0",21,0,7.775,"0","1",24,4,0,0,0,0,0,0,0,0,0.0791681660673568,0.02
"1",36,0,12.1833,"0","1",46,6,0,0,1,0,0,0,1,0,0.646529784154378,0.895
"0",49,1,65.6344,"1","0",24,4,1,0,0,1,0,0,0,0,0.174049642717619,0.13
"1",3,1,26,"1","0",26,4,0,1,0,0,0,0,0,1,0.928514833368234,0.9
"0",28,0,7.75,"0","1",19,3,0,0,0,0,1,0,0,0,0.0555057789978825,0
"0",27,1,21,"0","0",56,8,0,1,1,0,0,0,1,0,0.845168526613849,0.47
"0",11,0,18.7875,"0","1",24,5,0,0,0,1,0,0,0,0,0.128959518475614,0.11
"0",20,0,4.0125,"0","1",19,3,0,0,0,1,0,0,0,0,0.0832221360690701,0.045
"1",54.5,1,65.6344,"1","0",48,7,1,0,1,1,0,0,1,0,0.882535895419766,0.995
"1",17,0,10.5,"0","1",19,3,0,1,1,0,0,1,0,0,0.923776816103075,0.955
"1",27,0,7.8792,"0","1",18,3,0,0,1,0,1,1,0,0,0.748942828492754,0.805
"1",7,1,15.2458,"0","0",30,4,0,0,0,1,0,0,0,1,0.621352516849105,0.81
"0",50,0,26,"1","1",24,4,1,0,0,0,0,0,0,0,0.20465462744006,0.03
"0",40,1,9.475,"0","0",46,6,0,0,1,0,0,0,1,0,0.533032302908561,0.285
"0",54.5,0,26.55,"0","1",15,3,1,0,0,0,0,0,0,1,0.461836424273006,0.205
"0",54.5,0,10.5,"0","1",21,4,0,1,0,0,0,0,0,0,0.0317941347629328,0.025
"0",22,0,7.25,"0","1",18,3,0,0,0,0,0,0,0,0,0.0752954565453415,0
"0",34,0,13,"0","1",20,3,0,1,0,0,0,0,0,0,0.0909607027814961,0.045
"1",3.875,1,20.2125,"0","0",27,4,0,0,1,0,0,1,0,0,0.890490735572179,0.875
"1",39,1,55.9,"1","0",41,6,1,0,1,0,0,0,1,0,0.945787797182044,0.985
"1",16,0,8.05,"0","1",30,4,0,0,0,0,0,0,0,0,0.101383451817685,0.215
"1",52,0,30.5,"1","1",30,4,1,0,0,0,0,0,0,1,0.726316800554928,0.565
"1",48,1,52,"1","0",24,4,1,0,0,0,0,0,0,0,0.182001915162801,0.375
"0",28,0,7.225,"0","1",15,3,0,0,0,1,0,0,0,0,0.0555057789978825,0
"0",27,0,26,"0","1",22,4,1,0,0,0,0,0,0,0,0.24965358280878,0.01
"1",2.5,1,11.1333,"0","0",28,4,0,0,1,0,0,1,0,0,0.897568634233986,0.855
"1",28,0,7.7333,"0","1",32,4,0,0,1,0,1,1,0,0,0.738585700238359,0.985
"0",28,0,7.75,"1","1",16,3,0,0,0,0,1,0,0,0,0.136924334302456,0.03
"0",27,0,7.55,"0","1",27,4,0,0,0,0,0,0,0,0,0.0584249462172016,0.02
"0",27,1,16.1,"0","0",25,4,0,0,0,0,0,0,0,0,0.0459174972716188,0
"1",27,0,14.5,"0","1",26,4,0,0,1,0,0,0,1,0,0.748942828492754,0.92
"0",41,2,14.1083,"0","0",23,4,0,0,0,0,0,0,0,0,0.00306142724493031,0
"1",27,1,52,"1","0",36,5,1,0,1,0,0,0,1,0,0.971008374948629,0.99
"1",27,0,31.6833,"0","1",36,4,1,0,1,0,0,0,1,0,0.941162276083866,0.95
"1",20,0,36.75,"0","1",20,3,0,1,1,0,0,1,0,0,0.911472715853324,1
"1",38,0,7.2292,"0","1",47,6,0,0,1,1,0,0,1,0,0.621311215749712,0.84
"0",34,1,21,"0","0",23,4,0,1,0,0,0,0,0,0,0.0720208538720135,0.005
"0",19,0,8.1583,"0","1",24,4,0,0,0,0,0,0,0,0,0.0874639801633759,0.065
"0",29,0,10.5,"0","1",31,4,0,1,0,0,0,0,0,0,0.116067977915369,0
"0",23,0,7.925,"0","1",28,4,0,0,1,0,0,1,0,0,0.787577951373915,0.57
"0",18,1,65.6344,"1","0",42,7,1,0,0,1,0,0,0,0,0.531880928006575,0.285
"0",27,0,15.5792,"0","1",33,4,0,1,0,1,0,0,0,0,0.127694225744811,0.075
"0",26,0,7.8875,"0","1",22,3,0,0,0,0,0,0,0,0,0.0614876439961697,0.005
"0",47,0,52,"1","1",30,4,1,0,0,0,0,0,0,0,0.232473161590929,0.13
"1",21,0,65.6344,"1","1",29,4,1,0,1,0,0,1,0,0,0.983561092859382,0.995
"0",28,0,7.75,"0","1",24,4,0,0,0,0,1,0,0,0,0.0555057789978825,0.14
"1",28,0,7.8292,"0","1",29,4,0,0,1,0,1,1,0,0,0.738585700238359,0.975
"1",22,1,13.9,"0","0",59,8,0,0,1,0,0,0,1,0,0.752249486600927,0.74
"0",36,0,13,"0","1",34,5,0,1,0,0,0,0,0,0,0.0823631649540884,0.02
"1",31,0,65.6344,"1","1",24,4,1,0,1,0,0,1,0,0,0.972023513227775,0.995
"1",54.5,0,35.5,"1","1",35,4,1,0,0,1,0,0,0,1,0.698494014535541,0.715
"0",20,1,9.825,"0","0",23,3,0,0,1,0,0,1,0,0,0.771948866090881,0.365
"0",27,0,0,"0","1",37,5,1,0,0,0,0,0,0,0,0.24965358280878,0.065
"1",36,0,26.2875,"1","1",25,4,1,0,0,0,0,0,0,0,0.355137038605391,0.395
"1",18,1,53.1,"1","0",62,8,1,0,1,0,0,0,1,0,0.982022443040936,0.985
"0",18,1,6.4958,"0","0",25,4,0,0,0,0,0,0,0,0,0.0727805190653461,0.03
"0",16,0,9.5,"0","1",25,4,0,0,0,0,0,0,0,0,0.101383451817685,0.065
"0",2.5,2.5,31.275,"0","0",33,5,0,0,1,0,0,1,0,0,0.306617318185672,0.08
"0",19,1,36.75,"0","0",28,4,0,1,0,0,0,0,0,0,0.149213420362355,0.02
"0",21,0,65.6344,"1","1",25,4,1,0,0,0,0,0,0,0,0.554466951557401,0.145
"0",47,1,14.5,"0","0",46,7,0,0,1,0,0,0,1,0,0.43828201902446,0.275
"1",12,1,11.2417,"0","0",28,3,0,0,0,1,0,0,0,1,0.555652530646166,0.705
"0",30,0,8.6625,"0","1",19,3,0,0,1,0,0,1,0,0,0.717060675611304,0.445
"0",38,1,21,"0","0",15,3,0,1,0,0,0,0,0,0,0.0587753750099214,0.04
"0",28,0,27.7208,"1","1",31,5,1,0,0,1,0,0,0,0,0.459657017145278,0.235
"0",14,0,65,"0","1",27,4,0,1,0,0,0,0,0,0,0.228829155849142,0.05
"1",21,0,7.65,"0","1",32,4,0,0,1,0,0,1,0,0,0.8051957033428,0.86
"1",30,1,15.55,"0","0",51,7,0,0,1,0,0,0,1,0,0.662808522079516,0.885
"0",21,0,7.8208,"0","1",19,3,0,0,0,0,1,0,0,0,0.0791681660673568,0
"0",32,2,65.6344,"0","0",18,3,0,1,0,0,0,0,0,0,0.011677601181514,0.045
"1",44,0,27.7208,"1","1",41,6,1,0,1,1,0,0,1,0,0.944874951313942,0.96
"1",32,0,8.05,"1","1",34,5,0,0,0,0,0,0,0,0,0.113198405636337,0.5
"0",21,0,7.225,"0","1",17,3,0,0,0,1,0,0,0,0,0.0791681660673568,0.01
"1",28,0,7.75,"0","1",40,6,0,0,1,0,1,1,0,0,0.738585700238359,0.93
"0",27,2,21.6792,"0","0",17,3,0,0,0,1,0,0,0,0,0.00652940019400415,0.01
"0",28,0,7.8958,"0","1",19,3,0,0,0,0,0,0,0,0,0.0555057789978825,0
"0",19,0,7.65,"1","1",42,6,0,0,0,0,0,0,0,0,0.205557963221868,0.11
"0",23,0,15.0458,"0","1",18,3,0,1,0,1,0,0,0,0,0.153931037606136,0.01
"0",42,0,7.55,"0","1",19,3,0,0,0,0,0,0,0,0,0.0267246422099019,0
"1",28,0,7.8792,"0","1",33,5,0,0,1,0,1,1,0,0,0.738585700238359,0.94
"1",43,1,55.4417,"1","0",51,8,1,0,1,1,0,0,1,0,0.933498006455474,1
"0",54.5,0,30.6958,"1","1",23,4,1,0,0,1,0,0,0,0,0.167697583380737,0.06
"0",28,0,0,"0","1",29,5,1,0,0,0,0,0,0,0,0.239611244773225,0.04
"0",28,0,7.8958,"0","1",20,3,0,0,0,0,0,0,0,0,0.0555057789978825,0
"1",4,0,22.025,"0","1",35,4,0,0,1,0,0,1,0,0,0.912381210425085,0.895
"1",19,1,65.6344,"1","0",39,6,1,0,1,1,0,0,1,0,0.981037339141126,0.985
"0",17,0,8.6625,"0","1",15,3,0,0,0,0,0,0,0,0,0.0965379547702998,0.015
"0",47,1,7,"0","0",32,5,0,0,1,0,0,0,1,0,0.43828201902446,0.225
"0",28,0,8.05,"0","1",18,3,0,0,0,0,0,0,0,0,0.0555057789978825,0
"1",45,1,65.6344,"0","0",42,6,1,0,1,0,0,0,1,0,0.823452473309729,0.86
"1",48,1,39.6,"1","0",65,8,1,0,1,1,0,1,0,0,0.914506973250743,0.97
"1",45,0,59.4,"0","1",39,6,1,0,1,1,0,0,1,0,0.857418029900952,0.915
"1",8,0,32.5,"0","1",29,4,0,1,0,0,0,0,0,1,0.825396189181368,0.74
"0",23,0,7.7958,"0","1",26,4,0,0,0,0,0,0,0,0,0.0715974605384419,0.01
"0",35,0,8.05,"0","1",24,4,0,0,0,0,0,0,0,0,0.0386191748581569,0.01
"0",23,0,13,"0","1",26,4,0,1,0,0,0,0,0,0,0.153931037606136,0
"1",28,0,7.2292,"0","1",30,4,0,0,1,1,0,0,1,0,0.738585700238359,0.835
"1",28,0,13,"0","1",25,3,0,1,1,0,0,1,0,0,0.86954483174157,0.985
"0",40,0,13,"0","1",15,3,0,1,0,0,0,0,0,0,0.067353668237472,0.03
"0",27,0,7.05,"0","1",17,3,0,0,0,0,0,0,0,0,0.0584249462172016,0
"0",16,2.5,39.6875,"0","0",25,4,0,0,0,0,0,0,0,0,0.0043965996316795,0
"0",9,2,34.375,"0","0",32,5,0,0,1,0,0,1,0,0,0.456665872432771,0.25
"1",3.875,1,41.5792,"0","0",21,3,0,1,1,1,0,1,0,0,0.950455645269185,0.97
"0",30,1,57.75,"1","0",24,4,1,0,0,1,0,0,0,0,0.371796162530029,0.17
"1",8,0,26.25,"0","1",32,4,0,1,1,0,0,1,0,0,0.951844519855884,0.985
"1",27,1,23.45,"0","0",49,7,0,0,1,0,0,0,1,0,0.698231209611209,0.85
"1",35,1,52,"0","0",51,7,1,0,1,0,0,0,1,0,0.889282098532593,1
"1",21,2,65.6344,"1","0",37,5,1,0,1,1,0,1,0,0,0.86370981924609,0.935
"0",36,1,65.6344,"1","0",29,4,1,0,0,0,0,0,0,0,0.299301369638699,0.255
"1",17,0,16.1,"0","1",24,4,0,0,1,0,0,1,0,0,0.83705747550887,0.845
"0",18,1,17.8,"0","0",45,5,0,0,1,0,0,0,1,0,0.790518078853549,0.46
"1",2.5,2,19.2583,"0","0",22,3,0,0,1,1,0,1,0,0,0.544757657903626,0.81
"0",26,2,8.6625,"0","0",17,3,0,0,0,0,0,0,0,0,0.00689158962680607,0.02
"0",29,0,21.075,"0","1",43,6,0,0,1,0,0,0,1,0,0.727956499813601,0.62
"1",28,0,7.75,"0","1",17,3,0,0,1,0,1,1,0,0,0.738585700238359,0.69
"0",28,2.5,25.4667,"0","0",29,4,0,0,0,0,0,0,0,1,0.0257668187610018,0.025
"1",22,0,65.6344,"0","1",20,3,1,0,1,0,0,1,0,0,0.954526644059362,0.93
"0",28,0,14.4583,"0","1",21,3,0,0,0,1,0,0,0,0,0.0555057789978825,0.02
"0",46,0,65.6344,"1","1",24,3,1,0,0,1,0,0,0,0,0.242311669702027,0.115
"0",27,0,26.55,"0","1",25,4,1,0,0,0,0,0,0,0,0.24965358280878,0.1
"0",21,0,7.925,"0","1",21,3,0,0,0,0,0,0,0,0,0.0791681660673568,0.03
"0",11,2.5,31.275,"0","0",33,4,0,0,1,0,0,1,0,0,0.217896336080984,0.065
"1",16,0,7.75,"0","1",25,4,0,0,1,0,1,1,0,0,0.844335454776523,0.99
"0",26,0,7.8792,"0","1",17,3,0,0,0,0,1,0,0,0,0.0614876439961697,0.005
"0",21,1,6.4958,"0","0",23,4,0,0,0,0,0,0,0,0,0.0625148990598726,0.065
"1",38,0,65.6344,"1","1",19,3,1,0,1,0,0,1,0,0,0.959594943478347,0.985
"1",3,1,15.9,"0","0",38,5,0,0,0,0,0,0,0,1,0.670997095817715,0.865
"1",35,1,20.25,"0","0",32,5,0,0,1,0,0,0,1,0,0.599667184091686,0.735
"1",31,1,57,"1","0",23,4,1,0,0,0,0,0,0,0,0.359192586736,0.37
"0",32,1,30.0708,"0","0",20,3,0,1,0,1,0,0,0,0,0.079632488904588,0.025
"1",30,0,12.35,"0","1",25,4,0,1,1,0,1,1,0,0,0.856711066909282,0.99
"0",42,1,27,"0","0",28,4,0,1,0,0,0,0,0,0,0.0478403113266293,0.005
"0",36,0,13,"0","1",23,4,0,1,0,0,0,0,0,0,0.0823631649540884,0.005
"0",26,1,16.1,"0","0",47,7,0,0,1,0,0,0,1,0,0.709558442799546,0.62
"1",22,0,49.5,"1","1",34,4,1,0,1,1,0,1,0,0,0.982658812460023,0.99
"0",28,0,31,"0","1",21,3,1,0,0,0,0,0,0,0,0.239611244773225,0.145
"0",42,1,32.5,"0","0",22,4,0,1,0,0,0,0,0,0,0.0478403113266293,0.005
"0",45,0,14.4542,"0","1",31,4,0,0,1,1,0,0,1,0,0.528633167694138,0.415
"1",40,0,65.6344,"1","1",25,4,1,0,1,0,0,1,0,0,0.955163229488976,0.985
"0",27,0,7.75,"0","1",17,3,0,0,0,0,1,0,0,0,0.0584249462172016,0.005
"1",28,0,7.775,"0","1",30,4,0,0,1,0,0,1,0,0,0.738585700238359,0.745
"0",27,0,7.8958,"0","1",16,3,0,0,0,0,0,0,0,0,0.0584249462172016,0
"1",24,0,7.75,"0","1",22,3,0,0,1,0,1,1,0,0,0.7783429615122,0.97
"1",23,1,65.6344,"1","0",22,3,1,0,1,1,0,1,0,0,0.976540332784837,0.955
"1",14,1,30.0708,"0","0",35,5,0,1,1,1,0,0,1,0,0.917114030210826,0.885
"0",38,0,65.6344,"1","1",25,4,1,0,0,0,0,0,0,0,0.330652199218613,0.1
"1",32,0,7.925,"0","1",19,3,0,0,0,0,0,0,0,0,0.0451498385358038,0.115
"1",3.875,1,12.1833,"0","0",28,4,0,0,1,0,0,1,0,0,0.890490735572179,0.885
"0",42,0,13,"0","1",33,5,0,1,0,0,0,0,0,1,0.4268778394498,0.055
"1",16,0,39.4,"1","1",25,4,1,0,1,0,0,1,0,0,0.987423704067291,0.98
"0",34,1,26,"0","0",17,3,0,1,0,0,0,0,0,0,0.0720208538720135,0
"0",45,0,26.55,"1","1",33,4,1,0,0,0,0,0,0,1,0.795186085689441,0.3
"0",50,1,26,"0","0",28,4,0,1,0,0,0,0,0,0,0.0315026297591729,0.005
"1",31,0,8.6833,"0","1",16,3,0,0,1,0,0,0,1,0,0.705904759246712,0.925
"1",22,0,7.75,"0","1",24,4,0,0,1,0,0,1,0,0,0.796528762704614,0.935
"0",33,0,8.6625,"0","1",19,3,0,0,0,1,0,0,0,0,0.0428637591402908,0.01
"0",26,0,10.5,"0","1",19,3,0,1,0,0,0,0,0,0,0.133871818237804,0.005
"0",28,0,7.2292,"0","1",14,3,0,0,0,1,0,0,0,0,0.0555057789978825,0.035
"1",54.5,1,65.6344,"1","0",33,4,1,0,1,0,0,1,0,0,0.882535895419766,0.935
"1",27,0,26.55,"1","1",27,4,1,0,0,0,0,0,0,0,0.473182716707506,0.57
"0",20,0,9.8458,"0","1",29,4,0,0,0,0,0,0,0,0,0.0832221360690701,0
"0",6,2.5,31.275,"0","0",34,5,0,0,1,0,0,1,0,0,0.267721970713483,0.06
"0",4,2.5,27.9,"0","0",21,3,0,0,0,0,0,0,0,1,0.0888197809417003,0.07
"1",54.5,0,65.6344,"1","1",20,3,1,0,1,1,0,1,0,0,0.906426223858123,0.945
"0",28,2.5,25.4667,"0","0",22,3,0,0,1,0,0,1,0,0,0.0995763770843921,0.1
"0",27,0,15.0333,"0","1",18,3,0,1,0,1,0,0,0,0,0.127694225744811,0
"0",38,0,8.6625,"0","1",15,3,0,0,0,0,0,0,0,0,0.0330004869854947,0
"0",36,0,26,"1","1",40,6,0,1,0,0,0,0,0,0,0.195042049471495,0.095
"1",31,0,13,"0","1",21,3,0,1,0,0,0,0,0,0,0.105372402372897,0.22
"0",41,0,7.125,"0","1",30,5,0,0,0,0,0,0,0,0,0.0281753022866407,0.02
"1",28,1,15.2458,"0","0",24,3,0,0,0,1,0,0,0,1,0.343872341024502,0.63
"0",25,0,7.8958,"0","1",18,3,0,0,0,0,0,0,0,0,0.0646998595436445,0
"1",5,0,12.475,"0","1",29,4,0,0,1,0,0,1,0,0,0.907937772055809,0.89
"1",21,0,7.7958,"0","1",22,4,0,0,0,0,0,0,0,0,0.0791681660673568,0.065
"0",28,0,7.8958,"0","1",23,3,0,0,1,0,0,1,0,0,0.738585700238359,0.605
"1",2.5,1,20.575,"0","0",26,4,0,0,0,0,0,0,0,1,0.676968279519436,0.785
"1",27,0,7.7333,"0","1",18,3,0,0,1,0,1,1,0,0,0.748942828492754,0.79
"0",21,0,7.8,"0","1",28,4,0,0,0,0,0,0,0,0,0.0791681660673568,0.005
"1",26,0,13.5,"0","1",20,3,0,1,1,0,0,1,0,0,0.881388275669993,0.985
"1",48,0,25.9292,"1","1",51,7,1,0,1,0,0,0,1,0,0.932393012916834,0.955
"1",41,0,65.6344,"1","1",31,4,1,0,1,1,0,1,0,0,0.952777113954709,0.97
"0",37,2,7.925,"0","0",30,4,0,0,0,0,0,0,0,0,0.00380206120216909,0.035
"0",19,0,6.75,"0","1",19,3,0,0,0,0,1,0,0,0,0.0874639801633759,0.005
"0",18,2,18,"0","0",34,5,0,0,1,0,0,1,0,0,0.340080748180732,0.245
"0",48,0,13,"0","1",28,4,0,1,0,0,0,0,0,0,0.0446646831047442,0.005
"0",33,0,7.775,"0","1",28,4,0,0,0,0,0,0,0,0,0.0428637591402908,0.005
"1",28,0,12.35,"1","1",19,4,0,1,1,0,1,1,0,0,0.947351317755766,0.905
"1",36,0,31.6792,"1","1",24,4,1,0,1,1,0,1,0,0,0.963605312659704,0.93
"0",9,2.5,31.3875,"0","0",37,5,0,0,0,0,0,0,0,1,0.0691456324960906,0.12
"0",28,0,8.05,"0","1",17,3,0,0,0,0,0,0,0,0,0.0555057789978825,0.005
"1",36,0,26.3875,"1","1",32,5,1,0,0,0,0,0,0,0,0.355137038605391,0.67
"0",29,1,27.7208,"0","0",25,4,0,1,0,1,0,0,0,0,0.0924318600860704,0.015
"0",28,2.5,65.6344,"0","0",23,4,0,0,1,0,0,1,0,0,0.0995763770843921,0.105
"0",16,1,20.25,"0","0",27,4,0,0,0,0,0,0,0,0,0.0804654788177527,0.095
"1",54.5,0,65.6344,"1","1",45,6,1,0,1,0,0,0,1,0,0.906426223858123,0.995
"0",28,0,10.5,"0","1",29,4,0,1,0,0,0,0,0,0,0.121761626453442,0.01
"0",4,2.5,31.275,"0","0",39,5,0,0,0,0,0,0,0,1,0.0888197809417003,0.175
"1",27,0,7.7792,"0","1",26,4,0,0,1,0,1,1,0,0,0.748942828492754,0.99
"1",45,0,8.05,"0","1",21,4,0,0,0,0,0,0,0,0,0.0227954521169805,0.145
"0",28,0,0,"0","1",21,3,0,1,0,0,0,0,0,0,0.121761626453442,0.055
"0",32,0,7.925,"0","1",18,3,0,0,0,0,0,0,0,0,0.0451498385358038,0.1
"0",45,0,7.225,"0","1",20,3,0,0,0,1,0,0,0,0,0.0227954521169805,0.01
"1",26,0,7.925,"0","1",22,3,0,0,1,0,0,1,0,0,0.759023493840987,0.85
"0",14,2.5,46.9,"0","0",27,4,0,0,0,0,0,0,0,0,0.00489899137837889,0.015
"1",39,1,65.6344,"1","0",38,5,1,0,1,0,0,0,1,0,0.945787797182044,0.975
"0",9,2.5,46.9,"0","0",30,4,0,0,0,0,0,0,0,1,0.0691456324960906,0.05
"0",28,0,26.55,"1","1",18,3,1,0,0,0,0,0,0,0,0.459657017145278,0.31
"0",33,0,12.275,"0","1",22,4,0,1,0,0,0,0,0,0,0.0955558706230893,0.01
"1",27,0,10.5,"1","1",35,5,0,1,1,0,0,1,0,0,0.949997204070163,0.865
"1",36,1,17.4,"0","0",44,6,0,0,1,0,0,0,1,0,0.586551434388259,0.905
"0",54.5,0,7.75,"0","1",20,3,0,0,0,0,1,0,0,0,0.0137282993072154,0
"1",8,1,26,"0","0",26,4,0,1,1,0,0,1,0,0,0.938766592228463,0.96
"1",2.5,0,29,"0","1",29,4,0,1,0,0,0,0,0,1,0.864394147187534,0.905
"0",29,1,65.6344,"1","0",25,4,1,0,0,0,0,0,0,0,0.384576571629848,0.125
"0",28,1,7.75,"0","0",19,3,0,0,0,0,1,0,0,0,0.0435943234717235,0.02
"0",22,0,9.35,"0","1",28,5,0,0,0,0,0,0,0,0,0.0752954565453415,0
"1",19,0,26,"0","1",67,9,0,1,1,0,0,1,0,0,0.915761367850311,0.905
"0",30,1,21,"0","0",20,4,0,1,0,0,0,0,0,0,0.0879723098120806,0.005
"1",24,1,27.7208,"0","0",45,6,0,1,1,1,0,0,1,0,0.865326407057703,0.97
"1",34,0,10.5,"1","1",28,4,0,1,1,0,0,0,1,0,0.928503180933633,0.965
"0",36,0,7.8958,"0","1",19,3,0,0,0,0,0,0,0,0,0.0366510712553597,0
"1",21,0,10.5,"0","1",17,3,0,1,1,0,0,1,0,0,0.90698790157927,0.98
"1",29,1,26,"0","0",45,6,0,1,1,0,0,0,1,0,0.830404415435827,0.975
"0",43,0,8.05,"0","1",15,3,0,0,0,0,0,0,0,0,0.0253467241458999,0.005
"0",20,0,7.8542,"0","1",22,4,0,0,0,0,0,0,0,0,0.0832221360690701,0.005
"0",28,0,27.7208,"0","1",21,4,1,0,0,1,0,0,0,0,0.239611244773225,0.07
"0",36,0,12.875,"1","1",22,4,0,1,0,1,0,0,0,0,0.195042049471495,0.085
"1",3.875,1,20.575,"0","0",39,5,0,0,1,0,0,1,0,0,0.890490735572179,0.805
"1",30,0,31,"0","1",23,3,1,0,1,1,0,1,0,0,0.931456339059079,0.945
"0",47,0,7.25,"0","1",26,4,0,0,0,0,0,0,0,0,0.0204955780245112,0.01
"0",32,1,15.5,"0","0",29,4,0,0,1,0,1,0,1,0,0.638101261060998,0.39
"1",18,1,13,"0","0",21,3,0,1,1,0,0,1,0,0,0.899017994436725,0.89
"1",27,0,7.7958,"0","1",44,5,0,0,0,0,0,0,0,0,0.0584249462172016,0.505
"0",16,2.5,46.9,"0","0",26,4,0,0,1,0,0,1,0,0,0.175126063871168,0.09
"1",26,0,30,"1","1",21,4,1,0,0,1,0,0,0,0,0.48674789299017,0.545
"0",45,1,65.6344,"1","0",27,4,1,0,0,0,0,0,0,0,0.207544790576153,0.145
"0",29,0,7.875,"0","1",18,3,0,0,0,0,0,0,0,0,0.0527242989656595,0.005
"0",18,0,13,"0","1",25,4,0,1,0,0,0,0,0,0,0.192734416254088,0.035
"0",32,0,7.8958,"0","1",19,3,0,0,0,0,0,0,0,0,0.0451498385358038,0.035
"0",28,0,7.8958,"0","1",18,3,0,0,0,0,0,0,0,0,0.0555057789978825,0
"0",28,1,15.85,"0","0",30,4,0,0,0,0,0,0,0,0,0.0435943234717235,0.02
"1",31,1,20.525,"0","0",46,7,0,0,1,0,0,0,1,0,0.6505559554083,0.885
"1",17,1,57,"1","0",41,6,1,0,1,0,0,0,1,0,0.982957260156712,0.98
"1",27,0,51.8625,"1","1",27,4,1,0,0,0,0,0,0,0,0.473182716707506,0.53
"1",51,0,26.55,"1","1",22,5,1,0,0,0,0,0,0,0,0.19594968016133,0.415
"1",2.5,0,15.7417,"0","1",27,4,0,0,1,1,0,1,0,0,0.918683253238547,0.92
"1",20,1,26,"0","0",35,6,0,1,1,0,0,1,0,0,0.888712620619629,0.92
"0",28,0,7.8958,"0","1",18,3,0,0,0,0,0,0,0,0,0.0555057789978825,0
"1",17,1,65.6344,"1","0",82,14,1,0,1,1,0,0,1,0,0.982957260156712,0.995
"0",54,0,14,"0","1",20,3,0,1,0,0,0,0,0,1,0.279525418954833,0.085
"0",34,1,26,"0","0",20,4,0,1,0,0,0,0,0,0,0.0720208538720135,0
"1",29,0,23,"0","1",49,7,0,1,1,0,0,0,1,0,0.86325460902541,0.995
"0",28,0,13.5,"0","1",26,4,0,1,0,0,0,0,0,0,0.121761626453442,0.025
"0",24,0,7.4958,"0","1",17,3,0,0,0,0,0,0,0,0,0.0680677156092109,0
"0",28,0,15.05,"0","1",16,3,0,1,0,1,0,0,0,0,0.121761626453442,0.005
"0",25,0,7.775,"0","1",37,5,0,0,1,0,0,1,0,0,0.768824330912621,0.53
"0",40,0,15.1,"0","1",25,4,0,0,0,0,0,0,0,0,0.0297023036053561,0
"0",28,0,7.55,"0","1",28,4,0,0,1,0,0,1,0,0,0.738585700238359,0.635
"0",29,0,9.4833,"0","1",26,4,0,0,0,0,0,0,0,0,0.0527242989656595,0.035
"0",17,0,14.4583,"0","1",21,3,0,0,1,1,0,1,0,0,0.83705747550887,0.525
"1",35,1,65.6344,"1","0",47,7,1,0,1,0,0,0,1,0,0.955913655279051,1
"1",35,0,26.55,"0","1",31,6,1,0,0,1,0,0,0,0,0.177223740597936,0.685
"0",54.5,0,33.5,"1","1",25,5,1,0,0,0,0,0,0,0,0.167697583380737,0.15
"0",54.5,1,65.6344,"1","0",28,4,1,0,0,0,0,0,0,1,0.642456928760211,0.235
"0",43,0,21,"0","1",27,4,0,1,0,0,0,0,0,0,0.0578057794759357,0.005
"0",54.5,0,13.5,"0","1",25,4,0,1,0,0,0,0,0,0,0.0317941347629328,0
"0",6,2.5,21.075,"0","0",27,4,0,0,0,0,0,0,0,1,0.0804067023714326,0.05
"1",18,0,7.2833,"0","1",24,3,0,0,1,0,1,1,0,0,0.829507929948284,0.925
"1",26,0,56.4958,"0","1",14,3,0,0,0,0,0,0,0,0,0.0614876439961697,0.615
"0",27,0,7.2292,"0","1",21,3,0,0,0,1,0,0,0,1,0.416382677533083,0.105
"0",35,0,7.8958,"0","1",15,3,0,0,0,0,0,0,0,0,0.0386191748581569,0.005
"0",54.5,0,10.5,"0","1",27,4,0,1,0,0,0,0,0,0,0.0317941347629328,0.005
"0",21,0,11.5,"0","1",28,4,0,1,0,0,0,0,0,0,0.168626417838218,0.01
"0",30,0,7.25,"0","1",30,5,0,0,0,0,0,0,0,0,0.0500748133620075,0.005
"0",19,0,7.8958,"0","1",20,3,0,0,0,0,0,0,0,0,0.0874639801633759,0.005
"1",22,0,21,"0","1",37,6,0,1,1,0,0,0,1,0,0.902300239009312,0.895
"0",31,0,7.775,"0","1",25,4,0,0,0,0,0,0,0,0,0.0475517854300982,0.025
"0",31,1,52,"1","0",22,3,1,0,0,0,0,0,0,0,0.359192586736,0.15
"1",18,1,65.6344,"1","0",49,7,1,0,1,1,0,0,1,0,0.982022443040936,0.995
"1",28,0,35.5,"1","1",17,3,1,0,0,0,0,0,0,0,0.459657017145278,0.51
"1",27,0,7.75,"0","1",33,4,0,0,1,0,1,1,0,0,0.748942828492754,0.98
"1",18,0,13,"0","1",29,4,0,1,1,0,0,1,0,0,0.919860525636687,0.945
"0",11,2.5,46.9,"0","0",34,4,0,0,0,0,0,0,0,1,0.0624683439450139,0.06
"1",22,0,61.9792,"1","1",28,4,1,0,1,1,0,1,0,0,0.982658812460023,0.985
"0",54.5,0,65.6344,"1","1",26,4,1,0,0,1,0,0,0,0,0.167697583380737,0.065
"0",2.5,2.5,27.9,"0","0",29,4,0,0,1,0,0,1,0,0,0.306617318185672,0.105
"0",28,2,21.6792,"0","0",19,3,0,0,0,1,0,0,0,0,0.00618612715893367,0
"0",25,0,7.05,"0","1",22,4,0,0,0,0,0,0,0,0,0.0646998595436445,0.085
"0",28,0,7.25,"0","1",22,3,0,0,0,0,0,0,0,0,0.0555057789978825,0.005
"0",44,1,26,"0","0",17,3,0,1,0,0,0,0,0,0,0.0431251278453021,0
"1",27,0,15.2458,"0","1",48,6,0,0,1,1,0,0,1,0,0.748942828492754,0.95
"1",28,0,13,"0","1",17,3,0,1,1,0,0,1,0,0,0.86954483174157,0.97
"0",28,0,7.7958,"0","1",28,4,0,0,0,0,0,0,0,0,0.0555057789978825,0.01
"0",30,0,7.2292,"0","1",28,4,0,0,0,1,0,0,0,0,0.0500748133620075,0.09
"0",39,0,0,"1","1",22,4,1,0,0,0,0,0,0,0,0.318735708227989,0.03
"0",45,0,28.5,"1","1",19,3,1,0,0,0,0,0,0,0,0.252429613142642,0.18
"0",28,0,39.6,"0","1",25,4,1,0,0,1,0,0,0,1,0.783699720684731,0.14
"0",29,2.5,22.025,"0","0",24,3,0,0,0,0,0,0,0,0,0.00217383806678628,0.005
"0",41,0,13,"0","1",29,4,0,1,0,0,0,0,0,1,0.440224821443884,0.055
"1",28,0,26.55,"0","1",45,6,1,0,0,0,0,0,0,0,0.239611244773225,0.775
"1",15,0,65.6344,"1","1",33,4,1,0,1,0,0,1,0,0,0.988081069213829,0.995
"1",40,0,31,"1","1",16,3,1,0,0,1,0,0,0,0,0.307051671340168,0.5
"0",41,0,15.0458,"0","1",24,4,0,1,0,1,0,0,0,0,0.0640187148685354,0
"1",28,0,55,"1","1",38,5,1,0,1,0,0,0,1,0,0.976132242205899,0.98
"0",37,1,26,"0","0",23,4,0,1,0,0,0,0,0,0,0.0618552358613761,0
"0",27,0,7.55,"0","1",18,3,0,0,0,0,0,0,0,0,0.0584249462172016,0
"1",45,0,30,"0","1",29,4,0,1,1,0,0,0,1,0,0.725710636829989,0.905
"0",30,0,12.7375,"0","1",38,5,0,1,0,1,0,0,0,0,0.110607037292696,0.04
"0",25,0,31.5,"0","1",20,3,0,1,0,0,0,0,0,0,0.14030020227726,0.06
"0",39,0,13,"0","1",17,3,0,1,0,0,0,0,0,0,0.0708492002678921,0.03
"0",24,0,8.85,"0","1",19,3,0,0,1,0,0,1,0,0,0.7783429615122,0.54
"0",33,1,20.525,"0","0",25,4,0,0,0,0,0,0,0,0,0.0335688389129259,0.005
"0",44,0,13,"0","1",22,4,0,1,0,0,0,0,0,0,0.0549157442435744,0.01
"1",33,0,27.7208,"1","1",29,4,1,0,1,1,0,1,0,0,0.968910826634516,0.9
"0",33,0,5,"1","1",24,4,1,0,0,0,0,0,0,0,0.393295618414585,0.055
"0",28,0,65.6344,"1","1",18,3,1,0,0,0,0,0,0,0,0.459657017145278,0.195
"0",47,0,42.4,"0","1",30,4,1,0,0,0,0,0,0,0,0.100879784251884,0.06
"1",27,0,6.975,"0","1",23,4,0,0,0,0,0,0,0,0,0.0584249462172016,0.245
"1",24,0,49.5042,"1","1",48,7,1,0,1,1,0,1,0,0,0.980705930259574,0.98
"0",28,0,8.05,"0","1",30,4,0,0,1,0,0,1,0,0,0.738585700238359,0.565
"0",28,0,15.5,"0","1",19,3,0,0,0,0,1,0,0,0,0.0555057789978825,0.025
"0",25,0,7.05,"0","1",16,3,0,0,0,0,0,0,0,0,0.0646998595436445,0
"0",27,0,7.75,"0","1",18,3,0,0,0,0,1,0,0,0,0.0584249462172016,0.005
"1",27,0,27.7208,"0","1",59,8,1,0,1,1,0,0,1,0,0.941162276083866,0.935
"1",16,1,8.5167,"0","0",41,5,0,0,1,1,0,0,1,0,0.80795144534399,0.79
"1",27,0,21,"0","1",51,8,0,1,1,0,0,0,1,0,0.875587408052909,0.93
"1",18,0,9.35,"0","1",26,5,0,0,1,0,0,0,1,0,0.829507929948284,0.895
"0",30,1,16.1,"0","0",24,4,0,0,0,0,0,0,0,0,0.0392803640128239,0.005
"0",25,1,26,"0","0",31,5,0,1,0,0,0,0,0,0,0.112356671722944,0.025
"0",23,1,13.9,"0","0",24,4,0,0,0,0,0,0,0,0,0.0564391067910567,0.025
"0",28,0,7.05,"0","1",21,4,0,0,0,0,0,0,0,0,0.0555057789978825,0.08
"0",45,0,7.75,"0","1",33,4,0,0,1,0,0,1,0,0,0.528633167694138,0.465
"0",2.5,2.5,39.6875,"0","0",28,4,0,0,0,0,0,0,0,1,0.0956427709167428,0.205
"0",51,0,8.05,"0","1",23,4,0,0,0,0,0,0,0,0,0.0165571272190098,0.005
"1",28,1,65.6344,"0","0",50,6,1,0,1,0,0,0,1,0,0.921571157216643,0.985
"0",24,0,7.7958,"0","1",18,3,0,0,0,0,0,0,0,0,0.0680677156092109,0
"0",28,0,6.95,"0","1",15,3,0,0,0,0,1,0,0,0,0.0555057789978825,0.005
"1",28,1,26,"0","0",43,7,0,1,1,0,0,0,1,0,0.837922020251593,0.97
"0",32,0,7.75,"0","1",19,3,0,0,0,0,1,0,0,0,0.0451498385358038,0.005
"1",35,0,21,"0","1",26,4,0,1,1,0,0,1,0,0,0.820019703975919,0.97
"1",36,0,65.6344,"1","1",23,4,1,0,1,0,0,1,0,0,0.963605312659704,0.995
"0",27,1,26,"0","0",18,3,0,1,0,0,0,0,0,0,0.101963640395405,0.01
"0",24,0,10.5,"0","1",28,5,0,1,0,0,0,0,0,0,0.146984885801264,0
"0",24,2,65.6344,"0","0",25,4,0,1,0,0,0,0,0,0,0.017924040795348,0.01
"0",21,0,7.75,"0","1",20,3,0,0,0,0,1,0,0,0,0.0791681660673568,0
"0",26,1,14.4542,"0","0",27,3,0,0,0,1,0,0,0,0,0.0483582149085963,0.065
"1",54.5,0,65.6344,"1","1",45,7,1,0,1,1,0,0,1,0,0.906426223858123,0.995
"0",24,0,13,"0","1",38,5,0,1,1,0,0,1,0,0,0.892289692493506,0.51
"0",40,1,15.5,"0","0",16,3,0,0,0,0,1,0,0,0,0.0231922628083322,0.02
"0",21,2,65.6344,"0","0",27,4,0,1,0,0,0,0,0,0,0.0210316305862078,0.005
"1",28,0,7.7875,"0","1",30,4,0,0,1,0,1,1,0,0,0.738585700238359,0.975
"0",26,0,7.8958,"0","1",17,3,0,0,0,0,0,0,0,0,0.0614876439961697,0
"0",43,0,6.45,"0","1",32,5,0,0,0,0,0,0,0,0,0.0253467241458999,0.04
"0",54,1,55.4417,"1","0",31,5,1,0,0,1,0,0,0,0,0.138363318146151,0.16
"0",24,0,7.55,"0","1",20,3,0,0,0,0,0,0,0,0,0.0680677156092109,0
"0",28,0,7.8542,"0","1",32,5,0,0,0,0,0,0,0,0,0.0555057789978825,0
"0",34,0,6.4375,"0","1",26,4,0,0,0,1,0,0,0,0,0.0406884987367973,0.06
"0",42,1,52,"0","0",30,4,1,0,0,0,0,0,0,0,0.102493280341838,0.095
"1",21,0,8.6625,"0","1",18,3,0,0,1,0,0,1,0,0,0.8051957033428,0.76
"0",28,0,7.8292,"0","1",20,3,0,0,0,0,1,0,0,0,0.0555057789978825,0
"1",42,0,13,"0","1",20,3,0,1,0,0,0,0,0,0,0.0608381170492552,0.105
"0",54.5,0,49.5042,"0","1",23,3,1,0,0,1,0,0,0,0,0.0694530123751449,0.07
"0",27,0,7.25,"0","1",38,5,0,0,0,0,0,0,0,0,0.0584249462172016,0.045
"0",22,0,7.775,"0","1",30,4,0,0,0,0,0,0,0,0,0.0752954565453415,0.005
"1",22,0,7.225,"0","1",33,5,0,0,0,1,0,0,0,0,0.0752954565453415,0.38
"0",18,0,6.75,"0","1",28,4,0,0,1,0,1,1,0,0,0.829507929948284,0.635
"0",23,1,10.5,"0","0",25,4,0,1,0,0,0,0,0,0,0.123663175649652,0.025
"0",10,2.5,27.9,"0","0",28,4,0,0,0,0,0,0,0,1,0.0657282047673249,0.01
"0",21,1,11.5,"0","0",16,3,0,1,0,0,0,0,0,0,0.135933219485041,0.03
"0",21,0,8.05,"0","1",26,4,0,0,0,0,0,0,0,0,0.0791681660673568,0.005
"1",12,2,39,"1","0",28,4,0,1,1,0,0,1,0,0,0.819737745584209,0.945
"0",21,0,7.7958,"0","1",29,4,0,0,0,0,0,0,0,0,0.0791681660673568,0.005
"1",31,1,65.6344,"1","0",23,3,1,0,1,1,0,1,0,0,0.964219737509173,0.965
"0",28,2.5,25.4667,"0","0",23,3,0,0,1,0,0,1,0,0,0.0995763770843921,0.09
"0",22,0,8.05,"0","1",22,4,0,0,0,0,0,0,0,0,0.0752954565453415,0
"1",5,2,19.2583,"0","0",30,4,0,0,1,1,0,1,0,0,0.510906475375169,0.855
"1",28,0,12.65,"0","1",32,6,0,1,1,0,0,0,1,0,0.86954483174157,0.925
"1",45,0,26.55,"0","1",45,7,1,0,0,0,0,0,0,0,0.111176016264276,0.675
"0",31,0,7.75,"0","1",23,3,0,0,0,0,1,0,0,0,0.0475517854300982,0.045
"1",38,1,65.6344,"1","0",28,4,1,0,0,0,0,0,0,0,0.277012452416797,0.365
"1",26,0,7.8542,"0","1",31,4,0,0,1,0,0,1,0,0,0.759023493840987,0.845
"0",23,0,7.05,"0","1",14,3,0,0,0,0,0,0,0,0,0.0715974605384419,0.045
"1",14,1,65.6344,"1","0",25,4,1,0,1,0,0,1,0,0,0.985484199057379,0.945
"0",39,0,13,"0","1",18,3,0,1,0,0,0,0,0,0,0.0708492002678921,0.015
"0",27,0,7.8792,"0","1",19,3,0,0,0,0,0,0,0,0,0.0584249462172016,0
"0",25,1,17.8,"0","0",25,3,0,0,0,0,0,0,0,0,0.0509217431867927,0.025
"1",33,1,27.75,"0","0",39,7,0,1,1,0,0,0,1,0,0.797556338407517,0.945
"0",22,2,31.5,"0","0",28,4,0,1,0,0,0,0,0,0,0.0199412291576361,0.01
"1",29,0,9.5,"0","1",27,4,0,0,0,0,0,0,0,0,0.0527242989656595,0.09
"1",36,0,13,"0","1",16,3,0,1,1,0,0,1,0,0,0.81185818559183,0.97
"1",23,0,63.3583,"1","1",31,4,1,0,0,1,0,0,0,0,0.527480561414091,0.56
"0",28,0,7.8958,"0","1",32,4,0,0,0,0,0,0,0,0,0.0555057789978825,0.005
"0",16,0,8.05,"0","1",28,5,0,0,0,0,0,0,0,0,0.101383451817685,0.11
"0",34,1,14.4,"0","0",25,4,0,0,0,0,0,0,0,0,0.0318495830894329,0.005
"0",21,0,8.05,"0","1",22,4,0,0,0,0,0,0,0,0,0.0791681660673568,0.015
"1",19,0,13,"0","1",23,4,0,1,1,0,0,1,0,0,0.915761367850311,0.97
"0",28,0,7.75,"0","1",24,4,0,0,0,0,1,0,0,0,0.0555057789978825,0.14
"0",24,1,16.1,"0","0",17,3,0,0,0,0,0,0,0,0,0.0536135111585155,0.025
"1",22,0,7.25,"0","1",31,4,0,0,1,0,0,1,0,0,0.796528762704614,0.84
"0",17,1,7.0542,"0","0",25,4,0,0,0,0,0,0,0,0,0.0765345825490425,0.05
"0",35,0,12.35,"0","1",17,3,0,1,0,0,1,0,0,0,0.0865653612063544,0.015
"1",15,0,39,"0","1",25,4,0,1,1,0,0,1,0,0,0.931086974485514,0.995
"0",50,0,8.05,"0","1",24,4,0,0,0,0,0,0,0,0,0.0174657811252294,0.01
"0",24,2,24.15,"0","0",20,4,0,0,0,0,0,0,0,0,0.0076768811847609,0.01
"0",27,1,14.4542,"0","0",18,3,0,0,0,1,0,0,0,0,0.0459174972716188,0.005
"1",42,1,52.5542,"1","0",28,5,1,0,0,0,0,0,0,0,0.23563978893316,0.555
"0",25,0,13,"0","1",42,5,0,1,0,0,0,0,0,0,0.14030020227726,0.075
"0",52,0,13.5,"0","1",26,4,0,1,0,0,0,0,0,0,0.0362537715643905,0
"0",54.5,0,8.05,"0","1",16,3,0,0,0,0,0,0,0,0,0.0137282993072154,0.005
"1",23,0,7.8542,"0","1",24,4,0,0,1,0,0,1,0,0,0.787577951373915,0.915
"0",22,0,7.8958,"0","1",20,3,0,0,0,0,0,0,0,0,0.0752954565453415,0
"0",27,0,7.8542,"0","1",25,4,0,0,0,0,0,0,0,0,0.0584249462172016,0
"0",33,0,7.8542,"0","1",33,5,0,0,0,0,0,0,0,0,0.0428637591402908,0.02
"1",43,0,65.6344,"1","1",53,7,1,0,1,0,0,0,1,0,0.947638410079272,0.975
"0",22,0,9.8375,"0","1",27,4,0,0,1,0,0,1,0,0,0.796528762704614,0.565
"0",9,2.5,27.9,"0","0",18,3,0,0,1,0,0,1,0,0,0.236987825270791,0.115
"1",24,0,13,"1","1",29,4,0,1,1,0,0,1,0,0,0.957198354669125,0.94
"0",20,0,8.6625,"0","1",19,3,0,0,0,0,0,0,0,0,0.0832221360690701,0.015
"1",39,1,65.6344,"1","0",27,4,1,0,1,1,0,1,0,0,0.945787797182044,0.94
"1",28,0,29.7,"1","1",20,3,1,0,0,1,0,0,0,0,0.459657017145278,0.51
"0",32,0,7.925,"0","1",26,4,0,0,0,0,0,0,0,0,0.0451498385358038,0.015
"0",29,1,21,"0","0",31,5,0,1,0,0,0,0,0,0,0.0924318600860704,0.015
"1",31,1,26.25,"0","0",43,6,0,1,1,0,0,0,1,0,0.814541386828428,0.965
"0",14,2.5,39.6875,"0","0",24,4,0,0,0,0,0,0,0,0,0.00489899137837889,0
"1",28,1,22.3583,"1","0",17,3,0,0,1,1,0,1,0,0,0.855403523260963,0.87
"0",22,0,7.225,"0","1",17,3,0,0,0,1,0,0,0,0,0.0752954565453415,0.01
"0",4,2.5,29.125,"0","0",20,3,0,0,0,0,1,0,0,1,0.0888197809417003,0.055
"1",22,0,39.6875,"0","1",44,5,0,0,1,0,0,1,0,0,0.796528762704614,0.785
"1",35,0,65.6344,"1","1",22,4,1,0,0,1,0,0,0,0,0.367679961188271,0.445
"0",19,0,8.05,"0","1",26,4,0,0,0,0,0,0,0,0,0.0874639801633759,0.11
"1",28,1,65.6344,"1","0",44,6,1,0,1,1,0,0,1,0,0.969438523129988,1
"0",28,1,15.5,"0","0",17,3,0,0,0,0,1,0,0,0,0.0435943234717235,0.03
"0",30,0,26,"1","1",24,4,1,0,0,0,0,0,0,0,0.432802480251782,0.085
"0",27,0,7.2292,"1","1",23,3,0,0,0,1,0,0,0,0,0.143475016058982,0.045
"1",27,0,11.1333,"0","1",49,7,0,0,1,0,0,0,1,0,0.748942828492754,0.93
"0",50,1,55.9,"1","0",25,4,1,0,0,0,0,0,0,0,0.166374160834222,0.13
"0",25,0,7.25,"0","1",34,5,0,0,0,0,0,0,0,0,0.0646998595436445,0.035
"0",41,0,20.2125,"0","1",40,5,0,0,1,0,0,0,1,0,0.582261353126485,0.4
"0",28,0,8.05,"0","1",27,4,0,0,0,0,0,0,0,0,0.0555057789978825,0.015
"1",36,0,15.9,"0","1",46,6,0,0,1,0,0,0,1,0,0.646529784154378,0.915
"0",21,0,16.1,"0","1",27,5,0,0,0,0,0,0,0,0,0.0791681660673568,0.015
"0",27,0,7.2292,"0","1",16,3,0,0,0,1,0,0,0,0,0.0584249462172016,0
"1",34,0,26.55,"0","1",27,4,1,0,0,0,0,0,0,0,0.185288502896469,0.34
"0",3,2.5,21.075,"0","0",26,4,0,0,1,0,0,1,0,0,0.300870243393176,0.14
"1",28,1,16.1,"0","0",41,7,0,0,1,0,0,0,1,0,0.686657297253013,0.835
"0",21,0,7.75,"0","1",19,3,0,0,1,0,1,1,0,0,0.8051957033428,0.65
"1",28,0,30.5,"1","1",21,3,1,0,0,0,0,0,0,0,0.459657017145278,0.49
"0",8,2.5,21.075,"0","0",29,4,0,0,1,0,0,1,0,0,0.246955922388053,0.075
"1",18,0,8.05,"0","1",24,4,0,0,0,0,0,0,0,0,0.0919003584239345,0.12
"0",28,0,0,"1","1",16,3,1,0,0,0,0,0,0,0,0.459657017145278,0.08
"0",30,1,24,"0","0",19,3,0,1,0,1,0,0,0,0,0.0879723098120806,0.02
"1",24,0,65.6344,"1","1",30,4,1,0,1,1,0,1,0,0,0.980705930259574,0.995
"0",18,0,11.5,"0","1",24,4,0,1,0,0,0,0,0,0,0.192734416254088,0.02
"0",28,0,8.7125,"0","1",19,3,0,0,0,1,0,0,0,0,0.0555057789978825,0
"0",29,0,30,"1","1",22,4,1,0,0,0,0,0,0,0,0.446190488728877,0.235
"0",28,0,0,"0","1",27,4,0,1,0,0,0,0,0,0,0.121761626453442,0.07
"0",39,0,29.7,"1","1",28,4,1,0,0,1,0,0,0,0,0.318735708227989,0.175
"0",16,0,7.775,"0","1",22,4,0,0,0,0,0,0,0,0,0.101383451817685,0.075
"1",32,0,56.4958,"0","1",15,3,0,0,0,0,0,0,0,0,0.0451498385358038,0.65
"1",38,0,65.6344,"1","1",29,4,1,0,1,1,0,1,0,0,0.959594943478347,0.99
"1",22,0,7.775,"0","1",18,3,0,0,1,0,0,1,0,0,0.796528762704614,0.835
"0",23,2,11.5,"0","0",27,4,0,1,0,0,0,0,0,0,0.0189062686639007,0.01
"1",3,1,41.5792,"0","0",40,6,0,1,1,1,0,1,0,0,0.952647736721797,0.935
"1",45,0,63.3583,"1","1",44,6,1,0,1,1,0,0,1,0,0.941974577365561,0.995
"1",27,0,7.75,"0","1",21,3,0,0,1,0,1,1,0,0,0.748942828492754,0.96
"1",53,2,51.4792,"1","0",45,6,1,0,1,0,0,0,1,0,0.526776401435724,0.99
"0",18,0,65.6344,"0","1",25,4,0,1,0,0,0,0,0,0,0.192734416254088,0.035
"0",27,0,7.8792,"0","1",20,3,0,0,0,0,1,0,0,0,0.0584249462172016,0.005
"0",32,0,8.3625,"0","1",32,4,0,0,0,0,0,0,0,0,0.0451498385358038,0.005
"0",28,0,6.8583,"0","1",15,3,0,0,0,0,1,0,0,0,0.0555057789978825,0.005
"1",29,0,15.2458,"0","1",39,6,0,0,1,1,0,0,1,0,0.727956499813601,0.865
"1",28,0,65.6344,"0","1",23,3,1,0,1,1,0,1,0,0,0.938079363051389,0.935
"1",36,0,65.6344,"1","1",24,4,1,0,1,1,0,1,0,0,0.963605312659704,0.995
"1",3,2.5,31.3875,"0","0",33,5,0,0,0,0,0,0,0,1,0.0933178960920262,0.535
"1",18,0,23,"0","1",19,3,0,1,1,0,0,1,0,0,0.919860525636687,0.97
"1",27,0,25.4667,"0","1",29,4,0,0,1,0,0,0,1,0,0.748942828492754,0.905
"0",17,0,7.125,"0","1",26,4,0,0,0,0,0,0,0,0,0.0965379547702998,0.08
"0",30,1,24.15,"0","0",52,8,0,0,1,0,0,0,1,0,0.662808522079516,0.595
"0",10,2.5,29.125,"0","0",20,3,0,0,0,0,1,0,0,1,0.0657282047673249,0.03
"0",39,1,31.275,"0","0",57,7,0,0,1,0,0,0,1,0,0.546533267196539,0.445
"1",28,0,7.225,"0","1",23,3,0,0,1,1,0,0,1,0,0.738585700238359,0.885
"1",33,0,26,"0","1",45,6,0,1,1,0,0,0,1,0,0.835508777030381,0.995
"0",18,1,7.8542,"0","0",22,4,0,0,0,0,0,0,0,0,0.0727805190653461,0.09
"0",54.5,0,32.3208,"1","1",21,3,1,0,0,0,0,0,0,0,0.167697583380737,0.165
"0",28,0,8.05,"0","1",21,3,0,0,0,0,0,0,0,0,0.0555057789978825,0
"0",24,0,9.5,"0","1",22,4,0,0,0,0,0,0,0,0,0.0680677156092109,0.01
"0",20,0,7.25,"0","1",31,5,0,0,0,0,0,0,0,0,0.0832221360690701,0
"0",42,0,8.4042,"0","1",32,5,0,0,0,0,0,0,0,0,0.0267246422099019,0.01
"1",16,0,7.7333,"0","1",32,4,0,0,1,0,1,1,0,0,0.844335454776523,0.99
"0",40,0,7.225,"0","1",17,3,0,0,0,1,0,0,0,0,0.0297023036053561,0
"0",30,0,7.225,"0","1",20,3,0,0,0,1,0,0,0,0,0.0500748133620075,0.01
"0",19,0,0,"0","1",31,5,0,0,0,0,0,0,0,0,0.0874639801633759,0.07
"1",24,0,65.6344,"1","1",29,4,1,0,1,1,0,0,1,0,0.980705930259574,0.94
"1",54,1,23,"0","0",37,5,0,1,1,0,0,0,1,0,0.55717705018169,0.77
"0",28,0,7.8958,"0","1",22,3,0,0,0,0,0,0,0,0,0.0555057789978825,0.005
"0",28,0,7.25,"0","1",22,4,0,0,0,0,0,0,0,0,0.0555057789978825,0.02
"0",27,1,14.4583,"0","0",17,3,0,0,0,1,0,0,0,0,0.0459174972716188,0.015
"0",29,1,10.4625,"1","0",42,6,0,0,1,0,0,0,1,0,0.84855020216897,0.39
"1",27,0,7.75,"0","1",22,3,0,0,1,0,1,1,0,0,0.748942828492754,0.98
"1",14,1,11.2417,"0","0",27,3,0,0,1,1,0,1,0,0,0.824256523538187,0.72
"0",28,0,56.4958,"0","1",12,3,0,0,0,0,0,0,0,0,0.0555057789978825,0.515
"1",20,1,7.925,"0","0",27,4,0,0,0,0,0,0,0,0,0.0657770188747076,0.335
"0",40,1,27.9,"0","0",18,3,0,0,0,0,0,0,0,0,0.0231922628083322,0.005
"0",28,0,0,"0","1",30,4,0,1,0,0,0,0,0,0,0.121761626453442,0.03
"1",42,0,13,"0","1",24,3,0,1,1,0,0,0,1,0,0.756948473132768,0.955
"1",6,1,15.2458,"0","0",20,3,0,0,0,1,0,0,0,1,0.634053051946602,0.8
"1",2.5,2,39,"1","0",25,4,0,1,0,0,0,0,0,1,0.645721865328958,0.81
"1",28,0,30,"1","1",27,4,1,0,0,0,0,0,0,0,0.459657017145278,0.515
"0",28,1,19.9667,"0","0",36,5,0,0,0,0,0,0,0,0,0.0435943234717235,0.035
"0",19,0,10.5,"0","1",31,4,0,1,0,0,0,0,0,0,0.184418927928191,0.06
"0",27,2,23.25,"0","0",19,3,0,0,1,0,1,1,0,0,0.240106390058825,0.465
"0",20,0,7.8542,"0","1",26,4,0,0,0,0,0,0,0,0,0.0832221360690701,0
"0",28,0,7.75,"0","1",18,3,0,0,1,0,1,1,0,0,0.738585700238359,0.635
"0",54.5,0,7.25,"0","1",17,3,0,0,0,0,0,0,0,0,0.0137282993072154,0
"0",22,0,65.6344,"0","1",19,3,1,0,0,1,0,0,0,0,0.303919155754157,0.08
"0",26,0,7.775,"0","1",38,5,0,0,0,0,0,0,0,0,0.0614876439961697,0.04
"1",4,0,13.4167,"0","1",18,3,0,0,1,1,0,1,0,0,0.912381210425085,0.84
"0",27,1,14.4542,"0","0",19,3,0,0,0,1,0,0,0,0,0.0459174972716188,0
"0",41,0,30.5,"1","1",23,4,1,0,0,0,0,0,0,0,0.295610093031698,0.04
"0",35,0,10.5,"0","1",25,4,0,1,0,0,0,0,0,0,0.0865653612063544,0.01
"1",25,1,30,"0","0",27,4,0,1,1,0,0,1,0,0,0.858865796214672,0.93
"0",28,0,25.925,"0","1",19,4,1,0,0,0,0,0,0,0,0.239611244773225,0.02
"0",28,0,8.05,"0","1",24,4,0,0,0,0,0,0,0,0,0.0555057789978825,0.005
"0",18,1,14.4542,"0","0",27,3,0,0,0,1,0,0,0,0,0.0727805190653461,0.09
"0",30,0,8.05,"0","1",15,3,0,0,0,0,0,0,0,0,0.0500748133620075,0.01
"1",18,0,65.6344,"1","1",19,3,1,0,1,0,0,1,0,0,0.985999776247241,0.965
"0",54,0,26,"0","1",26,4,0,1,0,0,0,0,0,0,0.0326414189876755,0
"0",37,1,53.1,"1","0",27,4,1,0,0,0,0,0,0,0,0.288028548106981,0.265
"0",21,0,61.3792,"0","1",31,5,1,0,0,1,0,0,0,0,0.315538271326403,0.13
"0",27,0,12.875,"0","1",30,4,0,1,0,0,0,0,0,0,0.127694225744811,0.015
"0",27,0,6.4375,"0","1",16,3,0,0,0,1,0,0,0,0,0.0584249462172016,0.01
"0",38,2.5,7.775,"0","0",38,5,0,0,1,0,0,1,0,0,0.0603439260448996,0.16
"0",25,0,7.225,"0","1",16,3,0,0,0,1,0,0,0,0,0.0646998595436445,0.005
"1",28,0,22.3583,"0","1",38,5,0,0,1,1,0,0,1,0,0.738585700238359,0.9
"0",30,0,8.05,"0","1",29,4,0,0,0,0,0,0,0,0,0.0500748133620075,0.005
"0",25,0,7.65,"1","1",29,4,0,0,0,0,0,0,0,0,0.157357841917311,0.115
"0",40,1,31.3875,"0","0",42,6,0,0,0,0,0,0,0,0,0.0231922628083322,0.1
"0",9,0,3.1708,"0","1",25,4,0,0,0,0,0,0,0,1,0.654907855584429,0.2
"0",20,0,7.05,"0","1",30,4,0,0,0,0,0,0,0,0,0.0832221360690701,0.04
"0",27,0,7.775,"0","1",18,3,0,0,0,0,0,0,0,0,0.0584249462172016,0
"0",47,0,9,"0","1",27,4,0,0,0,0,0,0,0,0,0.0204955780245112,0.005
"1",28,1,24.15,"0","0",19,3,0,0,1,0,1,1,0,0,0.686657297253013,0.77
"1",29,0,7.75,"0","1",24,4,0,0,0,0,1,0,0,0,0.0527242989656595,0.195
"0",28,0,52,"1","1",27,4,1,0,0,0,0,0,0,0,0.459657017145278,0.315
"1",29,1,26,"0","0",40,6,0,1,1,0,0,0,1,0,0.830404415435827,0.955
"0",31,0,28.5375,"1","1",31,5,1,0,0,1,0,0,0,0,0.41951188537038,0.215
"0",27,0,7.75,"0","1",15,3,0,0,0,0,1,0,0,0,0.0584249462172016,0.005
"0",27,0,7.8958,"0","1",13,3,0,0,0,0,0,0,0,0,0.0584249462172016,0.07
"1",25,1,7.775,"0","0",24,4,0,0,0,0,0,0,0,0,0.0509217431867927,0.26
"0",39,0,13.4167,"0","1",16,3,0,0,0,1,0,0,0,0,0.0313093967460663,0.005
"0",31,2.5,18,"0","0",25,4,0,0,0,0,0,0,0,0,0.00195036315200769,0.005
"0",51,0,61.3792,"0","1",27,4,1,0,0,1,0,0,0,0,0.0828003794822868,0.055
"0",44,0,16.1,"0","1",24,4,0,0,0,0,0,0,0,0,0.0240380966205651,0
"0",28,0,7.75,"0","1",18,3,0,0,1,0,1,1,0,0,0.738585700238359,0.635
"0",28,0,8.05,"0","1",29,4,0,0,0,0,0,0,0,0,0.0555057789978825,0
"0",49,1,65,"0","0",18,3,0,1,0,0,0,0,0,0,0.0332037991968565,0.04
"0",23,0,13,"0","1",28,4,0,1,0,0,0,0,0,0,0.153931037606136,0.01
"0",26,0,7.775,"0","1",27,4,0,0,0,0,0,0,0,0,0.0614876439961697,0.01
"0",26,0,7.8958,"0","1",25,3,0,0,0,0,0,0,0,0,0.0614876439961697,0.01
"0",28,0,7.225,"0","1",18,3,0,0,0,1,0,0,0,0,0.0555057789978825,0
"1",30,0,13,"0","1",37,6,0,1,1,0,0,0,1,0,0.856711066909282,0.915
"0",54.5,1,65.6344,"1","0",17,3,1,0,0,0,0,0,0,0,0.135155191292686,0.065
"0",29,0,7.925,"0","1",25,4,0,0,0,0,0,0,0,0,0.0527242989656595,0.015
"1",24,0,7.75,"0","1",25,4,0,0,1,0,1,1,0,0,0.7783429615122,0.985
"0",29,1,26,"0","0",29,4,0,1,0,0,0,0,0,0,0.0924318600860704,0.005
"1",3,1,18.75,"0","0",30,4,0,1,0,0,0,0,0,1,0.827927238752606,0.9
"0",28,0,14.5,"0","1",24,4,0,0,0,0,0,0,0,0,0.0555057789978825,0.01
"0",28,0,10.5,"0","1",28,4,0,1,0,0,0,0,0,0,0.121761626453442,0.045
"1",19,1,7.8542,"0","0",47,5,0,0,1,0,0,1,0,0,0.781375428195186,0.765
"0",54.5,0,26,"0","1",28,4,1,0,0,0,0,0,0,0,0.0694530123751449,0.035
"0",28,0,7.8958,"0","1",18,3,0,0,0,0,0,0,0,0,0.0555057789978825,0
"1",18,0,7.4958,"0","1",25,4,0,0,1,0,0,1,0,0,0.829507929948284,0.905
"0",37,0,9.5875,"0","1",30,4,0,0,1,0,0,1,0,0,0.63401232018707,0.435
"1",20,1,15.7417,"0","0",16,3,0,0,0,1,0,0,0,0,0.0657770188747076,0.395
"0",28,0,15.1,"0","1",31,4,0,0,0,0,0,0,0,0,0.0555057789978825,0.02
"0",14,1,14.4542,"0","0",20,3,0,0,1,1,0,1,0,0,0.824256523538187,0.34
"0",35,0,7.8958,"0","1",18,3,0,0,0,1,0,0,0,0,0.0386191748581569,0
"1",6,0,12.475,"1","1",19,3,0,0,0,0,0,0,0,1,0.857762076228165,0.71
"1",2.5,2,19.2583,"0","0",29,4,0,0,1,1,0,1,0,0,0.544757657903626,0.855
"1",2.5,0,37.0042,"0","1",21,3,0,1,0,1,0,0,0,1,0.864394147187534,0.825
"1",2.5,1,26,"0","0",24,4,0,1,1,0,0,1,0,0,0.953858661456935,0.94
"0",31,0,10.5,"0","1",38,5,0,1,0,0,0,0,0,0,0.105372402372897,0.03
"0",28,0,7.75,"0","1",16,3,0,0,0,0,1,0,0,0,0.0555057789978825,0
"0",18,0,11.5,"0","1",26,4,0,1,0,0,0,0,0,0,0.192734416254088,0.02
"0",28,0,7.2292,"0","1",19,3,0,0,0,1,0,0,0,0,0.0555057789978825,0
"0",36,1,24.15,"0","0",27,5,0,0,0,0,0,0,0,0,0.0286630155574975,0.02
"1",38,1,31.3875,"0","0",57,8,0,0,1,0,0,0,1,0,0.559966128705612,0.695
"0",50,1,65.6344,"1","0",26,4,1,0,0,1,0,0,0,0,0.166374160834222,0.105
"0",30,0,13,"0","1",27,4,0,1,0,0,0,0,0,0,0.110607037292696,0
"0",49,0,0,"1","1",23,4,1,0,0,0,0,0,0,0,0.213643533852703,0.01
"0",28,2.5,65.6344,"0","0",24,4,0,0,0,0,0,0,0,0,0.00229498018814858,0.015
"1",22,1,12.2875,"0","0",44,6,0,0,1,0,0,0,1,0,0.752249486600927,0.84
"1",51,0,39.4,"1","1",46,7,1,0,1,0,0,0,1,0,0.921361357744993,0.97
"0",28,1,14.4583,"0","0",32,5,0,0,1,1,0,0,1,0,0.686657297253013,0.38
"1",19,1,26,"0","0",33,5,0,1,1,0,0,0,1,0,0.893975615357169,0.84
"0",27,0,8.05,"0","1",16,3,0,0,0,0,0,0,0,0,0.0584249462172016,0
"1",20,0,7.2292,"0","1",21,4,0,0,0,1,0,0,0,0,0.0832221360690701,0.36
"0",36,1,27.75,"0","0",21,4,0,1,0,0,0,0,0,0,0.065085323252388,0
"0",31,0,7.7333,"0","1",24,4,0,0,0,0,1,0,0,0,0.0475517854300982,0.105
"0",27,0,8.7125,"0","1",32,5,0,0,0,0,0,0,0,0,0.0584249462172016,0
"0",30,0,13,"0","1",18,3,0,1,0,0,0,0,0,0,0.110607037292696,0.005
"0",18,0,7.75,"0","1",28,4,0,0,0,0,0,0,0,0,0.0919003584239345,0.035
"0",27,0,8.05,"0","1",19,3,0,0,0,0,0,0,0,0,0.0584249462172016,0
"0",18,0,7.775,"0","1",31,4,0,0,1,0,0,1,0,0,0.829507929948284,0.77
"0",40,0,0,"1","1",21,3,1,0,0,0,0,0,0,0,0.307051671340168,0.055
"1",48,1,65,"0","0",32,5,0,1,1,0,0,0,1,0,0.635485043730996,0.83
"1",23,2.5,65.6344,"1","0",26,4,1,0,1,0,0,1,0,0,0.677488802662759,0.85
"0",29,0,13.8583,"0","1",29,5,0,1,0,1,0,0,0,0,0.116067977915369,0.01
"0",28,2.5,65.6344,"0","0",26,4,0,0,0,0,0,0,0,1,0.0257668187610018,0.02
"1",50,0,10.5,"0","1",20,3,0,1,1,0,0,1,0,0,0.668456238610367,0.955
"1",32,0,65.6344,"1","1",21,3,1,0,1,1,0,1,0,0,0.970506960000112,0.995
"0",19,0,10.5,"0","1",26,4,0,1,0,0,0,0,0,0,0.184418927928191,0.09
"1",53,0,28.5,"1","1",25,4,1,0,0,1,0,0,0,1,0.715380980500468,0.515
"0",41,0,39.6875,"0","1",38,6,0,0,1,0,0,0,1,0,0.582261353126485,0.36
"0",28,0,8.05,"0","1",24,4,0,0,0,0,0,0,0,0,0.0555057789978825,0.005
"0",28,0,9.5,"0","1",30,5,0,0,0,0,0,0,0,0,0.0555057789978825,0.01
"1",23,0,8.05,"0","1",21,3,0,0,1,0,0,1,0,0,0.787577951373915,0.835
"0",52,1,65.6344,"1","0",17,3,1,0,0,0,0,0,0,0,0.151839211630483,0.09
"0",42,0,26.55,"0","1",53,7,1,0,0,0,0,0,0,0,0.128338420010748,0.41
"0",27,0,10.7083,"0","1",21,4,0,1,0,0,1,0,0,0,0.127694225744811,0.02
"0",42,0,8.6625,"0","1",16,3,0,0,0,0,0,0,0,0,0.0267246422099019,0
"0",19,1,53.1,"1","0",25,4,1,0,0,0,0,0,0,0,0.518328191541312,0.185
"0",42,0,26.55,"1","1",24,4,1,0,0,0,0,0,0,0,0.284419866452018,0.065
"0",44,0,8.05,"0","1",16,3,0,0,0,0,0,0,0,0,0.0240380966205651,0.005
"1",25,1,55.4417,"1","0",44,6,1,0,1,1,0,0,1,0,0.973916705895894,1
"1",27,0,7.75,"0","1",22,3,0,0,1,0,1,1,0,0,0.748942828492754,0.98
"1",35,0,65.6344,"0","1",16,3,1,0,1,1,0,1,0,0,0.911937266986776,0.965
"0",32,0,10.5,"0","1",26,4,0,1,0,0,0,0,0,0,0.100357549818413,0.005
"1",31,0,21,"0","1",44,7,0,1,1,0,0,0,1,0,0.849908844538171,0.965
"1",33,0,65.6344,"1","1",56,8,1,0,1,0,0,0,0,1,0.99721712313207,0.945
"0",26,0,13,"0","1",19,3,0,1,0,0,0,0,0,0,0.133871818237804,0.005
"0",28,0,7.8958,"0","1",17,3,0,0,0,0,0,0,0,0,0.0555057789978825,0
"1",21,0,21,"0","1",36,5,0,1,1,0,0,1,0,0,0.90698790157927,0.885
"0",18,0,8.3,"0","1",22,4,0,0,0,0,0,0,0,0,0.0919003584239345,0.035
"1",49,1,56.9292,"1","0",44,7,1,0,0,1,0,0,0,1,0.707852355717579,0.79
"0",27,0,13,"0","1",20,4,0,1,0,0,0,0,0,0,0.127694225744811,0.01
"0",28,0,7.25,"0","1",17,3,0,0,0,0,0,0,0,0,0.0555057789978825,0
"0",22,2,8.6625,"0","0",17,3,0,0,1,0,0,1,0,0,0.293107390429437,0.23
"0",27,1,14.5,"0","0",35,5,0,0,0,0,0,0,0,1,0.356237193927855,0.125
"1",49,0,25.9292,"1","1",27,4,1,0,1,0,0,0,0,1,0.993385549240444,0.83
"1",27,0,7.75,"0","1",23,3,0,0,1,0,1,1,0,0,0.748942828492754,0.975
"1",28,1,15.5,"0","0",47,6,0,0,1,0,1,0,1,0,0.686657297253013,0.83
"0",22,0,7.5208,"0","1",25,4,0,0,0,0,0,0,0,0,0.0752954565453415,0.03
"0",21,0,7.8542,"0","1",29,4,0,0,0,0,0,0,0,0,0.0791681660673568,0
"1",16,0,57.9792,"1","1",28,4,1,0,1,1,0,1,0,0,0.987423704067291,0.985
"0",28,0,7.8958,"0","1",18,3,0,0,0,0,0,0,0,0,0.0555057789978825,0
"0",33,0,7.8958,"0","1",18,3,0,0,0,0,0,0,0,0,0.0428637591402908,0
"1",9,1,15.9,"0","0",37,5,0,0,0,0,0,0,0,1,0.595461610563816,0.62
"0",43,1,46.9,"0","0",39,5,0,0,1,0,0,0,1,0,0.492317597149081,0.26
"0",24,0,8.05,"0","1",22,3,0,0,0,0,0,0,0,0,0.0680677156092109,0
"0",29,0,7.775,"0","1",24,4,0,0,0,0,0,0,0,0,0.0527242989656595,0.005
"1",50,0,65.6344,"1","1",47,6,1,0,1,1,0,0,1,0,0.92521026811492,1
"0",35,0,26,"0","1",20,4,0,1,0,0,0,0,0,0,0.0865653612063544,0.025
"0",27,0,7.75,"0","1",17,3,0,0,0,0,1,0,0,0,0.0584249462172016,0.005
"1",19,0,26.2833,"1","1",28,4,1,0,1,0,0,1,0,0,0.985229337458578,0.965
"0",28,0,7.8958,"0","1",21,3,0,0,0,0,0,0,0,0,0.0555057789978825,0
"0",24,0,8.05,"0","1",20,3,0,0,0,0,0,0,0,0,0.0680677156092109,0
"1",25,0,0,"0","1",28,4,0,0,0,0,0,0,0,0,0.0646998595436445,0.25
"1",20,0,7.8542,"0","1",28,5,0,0,1,0,0,1,0,0,0.813579873332646,0.81
"1",29,0,65.6344,"1","1",29,4,1,0,1,0,0,1,0,0,0.974832648750424,0.985
"1",28,1,15.2458,"0","0",49,6,0,0,0,1,0,0,0,1,0.343872341024502,0.815
"0",28,1,15.5,"0","0",19,3,0,0,0,0,1,0,0,0,0.0435943234717235,0.015
